width,num_params,optimizer,steps,lr,lambda,lambda_l1,lambda_entropy,train_loss,test_loss,train_acc,test_acc,loss_plot_path,acc_plot_path,params_path,loss_fn,act_fn
"[784, 20, 20, 10]",16330,LBFGS,50,1000,1e-05,1,1,0.098161,0.09903179,0.9582799673080444,0.9575999975204468,,,,,
"[784, 20, 20, 10]",16330,LBFGS,50,0.005,1e-05,1,1,0.102053046,0.102573656,0.9528799653053284,0.9508999586105347,,,,,
"[784, 20, 20, 10]",16330,Adam,100,0.005,1.8e-05,1,1,0.14575568,0.14251,0.9132199883460999,0.918999969959259,plots/mlp_loss_2025-01-29_16-26-10.png,plots/mlp_acc_2025-01-29_16-26-18.png,weights/mlp_2025-01-29_16-26-19_state,,
"[784, 20, 20, 10]",16330,Adam,500,0.005,1.8e-05,2,1,0.12656787,0.12496124,0.9271799921989441,0.927899956703186,plots/mlp_loss_2025-01-29_16-32-02.png,plots/mlp_acc_2025-01-29_16-33-07.png,weights/mlp_2025-01-29_16-33-09_state,,
"[784, 20, 20, 10]",16330,LBFGS,100,1,1e-05,2,1,0.10408121,0.103689976,0.9546799659729004,0.9538999795913696,plots/mlp_loss_2025-01-29_16-36-21.png,plots/mlp_acc_2025-01-29_16-36-27.png,weights/mlp_2025-01-29_16-36-40_state,,
"[784, 20, 20, 10]",16330,LBFGS,100,1,1e-05,2,1,0.1047474,0.1043214,0.954479992389679,0.9532999992370605,plots/mlp_loss_2025-01-29_16-37-08.png,plots/mlp_acc_2025-01-29_16-37-11.png,weights/mlp_2025-01-29_16-37-14_state,,
"[784, 20, 20, 10]",16330,LBFGS,100,1,1e-05,1,1,0.088497445,0.09128337,0.966219961643219,0.9612999558448792,plots/mlp_loss_2025-01-29_16-39-29.png,plots/mlp_acc_2025-01-29_16-39-36.png,weights/mlp_2025-01-29_16-40-05_state,,
"[784, 20, 20, 10]",16330,LBFGS,500,1,1e-05,1,1,0.086956315,0.09004603,0.9671199917793274,0.9623000025749207,plots/mlp_loss_2025-01-29_16-41-14.png,plots/mlp_acc_2025-01-29_16-41-18.png,weights/mlp_2025-01-29_16-41-42_state,,
"[784, 20, 20, 20, 10]",16750,LBFGS,500,1,1e-05,1,1,0.064478554,0.078901514,0.980679988861084,0.963699996471405,plots/mlp_loss_2025-01-29_16-42-48.png,plots/mlp_acc_2025-01-29_16-42-52.png,weights/mlp_2025-01-29_16-42-57_state,,
"[784, 20, 20, 20, 10]",16750,LBFGS,500,10,1e-05,2,1,0.08155154,0.08516988,0.9666399955749512,0.9609999656677246,plots/mlp_loss_2025-01-29_16-44-34.png,plots/mlp_acc_2025-01-29_16-44-40.png,weights/mlp_2025-01-29_16-44-41_state,,
"[784, 20, 20, 20, 10]",16750,LBFGS,500,1,1.8e-05,1,2,0.08085366,0.08507687,0.9684799909591675,0.961899995803833,plots/mlp_loss_2025-01-29_16-45-47.png,plots/mlp_acc_2025-01-29_16-45-50.png,weights/mlp_2025-01-29_16-45-51_state,,
"[784, 20, 20, 20, 10]",16750,LBFGS,500,1,0,1,2,0.030396437,0.09486327,0.9945199489593506,0.9502999782562256,plots/mlp_loss_2025-01-29_16-47-01.png,plots/mlp_acc_2025-01-29_16-47-05.png,weights/mlp_2025-01-29_16-47-06_state,,
"[784, 20, 20, 20, 10]",16750,LBFGS,500,1,1e-05,1,2,0.062470887,0.08058234,0.9819599986076355,0.9614999890327454,plots/mlp_loss_2025-01-29_16-49-12.png,plots/mlp_acc_2025-01-29_16-49-15.png,weights/mlp_2025-01-29_16-49-17_state,,
"[784, 20, 20, 20, 10]",16750,LBFGS,1000,1,1.5e-05,1,1,0.07591625,0.08341076,0.9714999794960022,0.9608999490737915,plots/mlp_loss_2025-01-29_16-51-13.png,plots/mlp_acc_2025-01-29_16-51-31.png,weights/mlp_2025-01-29_16-51-32_state,,
"[784, 30, 20, 15, 10]",24645,LBFGS,1000,1,1e-06,1,1,0.028886959,0.08556864,0.995199978351593,0.9581999778747559,plots/mlp_loss_2025-01-29_16-53-16.png,plots/mlp_acc_2025-01-29_16-53-20.png,weights/mlp_2025-01-29_16-53-21_state,,
"[784, 30, 20, 15, 10]",24645,LBFGS,1000,1,1e-05,1,1,0.061389707,0.0754444,0.9838999509811401,0.9685999751091003,plots/mlp_loss_2025-01-29_16-55-52.png,plots/mlp_acc_2025-01-29_16-55-56.png,weights/mlp_2025-01-29_16-55-57_state,,
"[784, 30, 20, 15, 10]",24645,Adam,1000,0.005,1e-05,1,1,0.07648738,0.08046256,0.9739199876785278,0.9681999683380127,plots/mlp_loss_2025-01-29_16-57-07.png,plots/mlp_acc_2025-01-29_16-57-11.png,weights/mlp_2025-01-29_16-57-12_state,,
"[784, 30, 20, 15, 10]",24645,Adam,5000,0.005,1e-05,1,1,0.06126344,0.07805901,0.983519971370697,0.9674999713897705,plots/mlp_loss_2025-01-29_16-58-14.png,plots/mlp_acc_2025-01-29_16-58-17.png,weights/mlp_2025-01-29_16-58-18_state,,
"[784, 30, 20, 15, 10]",24645,Adam,2000,0.005,1e-05,1,1,0.07552872,0.088924594,0.9703799486160278,0.964199960231781,plots/mlp_loss_2025-01-29_16-58-53.png,plots/mlp_acc_2025-01-29_16-59-02.png,weights/mlp_2025-01-29_16-59-04_state,,
"[784, 30, 20, 15, 10]",24645,Adam,2000,0.005,1e-05,1,1,0.06571296,0.0753926,0.9814599752426147,0.9696999788284302,plots/mlp_loss_2025-01-29_16-59-38.png,plots/mlp_acc_2025-01-29_16-59-48.png,weights/mlp_2025-01-29_16-59-50_state,,
"[784, 30, 20, 15, 10]",24645,LBFGS,2000,0.005,1e-05,1,1,0.07757196,0.081089,0.9728399515151978,0.9684000015258789,plots/mlp_loss_2025-01-29_17-01-50.png,plots/mlp_acc_2025-01-29_17-01-57.png,weights/mlp_2025-01-29_17-02-00_state,,
"[784, 30, 20, 15, 10]",24645,LBFGS,2000,1,1e-05,1,1,0.059059612,0.074544735,0.9857800006866455,0.9688999652862549,plots/mlp_loss_2025-01-29_17-08-16.png,plots/mlp_acc_2025-01-29_17-08-23.png,weights/mlp_2025-01-29_17-08-24_state,,
"[784, 30, 20, 20, 20, 15, 10]",25485,Adam,2000,0.005,1e-06,1,1,0.034019604,0.08035165,0.9940399527549744,0.9614999890327454,plots/mlp_loss_2025-01-29_17-10-55.png,plots/mlp_acc_2025-01-29_17-10-58.png,weights/mlp_2025-01-29_17-10-59_state,,
"[784, 30, 20, 20, 20, 15, 10]",25485,Adam,2000,0.005,1e-05,1,1,0.050950903,0.076543376,0.9883599877357483,0.9634999632835388,plots/mlp_loss_2025-01-29_17-11-34.png,plots/mlp_acc_2025-01-29_17-11-38.png,weights/mlp_2025-01-29_17-11-39_state,,
"[784, 40, 40, 10]",33450,Adam,2000,0.005,1e-05,1,1,0.08678364,0.09065456,0.9709399938583374,0.9662999510765076,plots/mlp_loss_2025-01-30_13-29-26.png,plots/mlp_acc_2025-01-30_13-29-32.png,weights/mlp_2025-01-30_13-29-33_state,,
"[784, 40, 40, 10]",33450,LBFGS,2000,0.005,1e-05,1,1,0.099819206,0.10081458,0.9556599855422974,0.9531999826431274,plots/mlp_loss_2025-01-30_13-32-10.png,plots/mlp_acc_2025-01-30_13-32-15.png,weights/mlp_2025-01-30_13-32-17_state,,
"[784, 40, 40, 10]",33450,LBFGS,2000,10,1e-05,1,1,0.084688105,0.08985747,0.9736599922180176,0.9672999978065491,plots/mlp_loss_2025-01-30_13-35-08.png,plots/mlp_acc_2025-01-30_13-35-10.png,weights/mlp_2025-01-30_13-35-11_state,,
"[784, 40, 30, 20, 15, 10]",33725,LBFGS,2000,10,1e-05,1,1,0.04829898,0.08308352,0.9903799891471863,0.9596999883651733,plots/mlp_loss_2025-01-30_13-40-55.png,plots/mlp_acc_2025-01-30_13-41-03.png,weights/mlp_2025-01-30_13-41-05_state,,
"[784, 40, 30, 20, 15, 10]",33725,Adam,2000,0.005,1e-05,1,1,0.05589963,0.07504733,0.9860999584197998,0.967199981212616,plots/mlp_loss_2025-01-30_13-42-45.png,plots/mlp_acc_2025-01-30_13-42-50.png,weights/mlp_2025-01-30_13-42-52_state,,
"[784, 40, 30, 20, 15, 10]",33725,Adam,2000,0.0005,1e-05,1,1,0.08104316,0.08600814,0.9698599576950073,0.9637999534606934,plots/mlp_loss_2025-01-30_13-44-50.png,plots/mlp_acc_2025-01-30_13-44-54.png,weights/mlp_2025-01-30_13-44-55_state,,
"[784, 40, 30, 20, 15, 10]",33725,Adam,4000,0.0005,1e-05,1,1,0.06598728,0.07712865,0.9810199737548828,0.9662999510765076,plots/mlp_loss_2025-01-30_13-45-55.png,plots/mlp_acc_2025-01-30_13-45-57.png,weights/mlp_2025-01-30_13-45-59_state,,
"[784, 40, 30, 20, 15, 10]",33725,Adam,4000,0.0005,1.8e-05,1,1,0.077987544,0.08449934,0.9705399870872498,0.9598000049591064,plots/mlp_loss_2025-01-30_13-47-41.png,plots/mlp_acc_2025-01-30_13-47-44.png,weights/mlp_2025-01-30_13-47-49_state,,
"[784, 40, 30, 20, 15, 10]",33725,Adam,4000,0.00059,1.8e-05,1,1,0.0760346,0.08331494,0.9723999500274658,0.9611999988555908,plots/mlp_loss_2025-01-30_13-49-25.png,plots/mlp_acc_2025-01-30_13-49-29.png,weights/mlp_2025-01-30_13-49-30_state,,
"[784, 40, 30, 20, 15, 10]",33725,Adam,4000,0.00059,3e-05,1,1,0.094552904,0.09842151,0.9523800015449524,0.9460999965667725,plots/mlp_loss_2025-01-30_13-50-33.png,plots/mlp_acc_2025-01-30_13-50-42.png,weights/mlp_2025-01-30_13-50-44_state,,
"[784, 30, 20, 15, 10]",24645,Adam,2000,0.005,1e-05,1,1,0.06587361,0.07560756,0.9812600016593933,0.9684000015258789,plots/mlp_loss_2025-01-30_13-59-31.png,plots/mlp_acc_2025-01-30_13-59-34.png,weights/mlp_2025-01-30_13-59-35_state,,
"[784, 30, 20, 15, 10]",24645,Adam,3000,0.005,1e-05,1,1,0.06181649,0.075997435,0.9832599759101868,0.9681999683380127,plots/mlp_loss_2025-01-30_14-14-39.png,plots/mlp_acc_2025-01-30_14-14-44.png,weights/mlp_2025-01-30_14-14-47_state,,
"[784, 30, 20, 15, 10]",24645,Adam,3000,0.003,1e-05,1,1,0.06669699,0.07904255,0.9799999594688416,0.9664999842643738,plots/mlp_loss_2025-01-30_14-15-34.png,plots/mlp_acc_2025-01-30_14-15-38.png,weights/mlp_2025-01-30_14-15-40_state,,
"[784, 30, 20, 15, 10]",24645,Adam,3000,0.008,1e-05,1,1,0.06730958,0.07719799,0.9800799489021301,0.9659000039100647,plots/mlp_loss_2025-01-30_14-16-26.png,plots/mlp_acc_2025-01-30_14-16-30.png,weights/mlp_2025-01-30_14-16-31_state,,
"[784, 30, 20, 15, 10]",24645,Adam,3000,0.008,0,1,1,0.023799557,0.09175259,0.9970999956130981,0.9526999592781067,plots/mlp_loss_2025-01-30_14-17-13.png,plots/mlp_acc_2025-01-30_14-17-17.png,weights/mlp_2025-01-30_14-17-20_state,,
"[784, 30, 20, 15, 10]",24645,Adam,3000,0.008,1e-05,1,0,0.060538102,0.07328203,0.9842199683189392,0.9697999954223633,plots/mlp_loss_2025-01-30_14-18-09.png,plots/mlp_acc_2025-01-30_14-18-12.png,weights/mlp_2025-01-30_14-18-13_state,,
"[784, 30, 20, 15, 10]",24645,Adam,3000,0.004,1e-05,2,0,0.083400734,0.08656669,0.9659799933433533,0.9617999792098999,plots/mlp_loss_2025-01-30_14-19-26.png,plots/mlp_acc_2025-01-30_14-19-29.png,weights/mlp_2025-01-30_14-19-32_state,,
"[784, 30, 20, 15, 10]",24645,Adam,5000,0.004,1e-05,2,0,0.07923138,0.08447047,0.9687399864196777,0.9605000019073486,plots/mlp_loss_2025-01-30_14-20-34.png,plots/mlp_acc_2025-01-30_14-21-10.png,weights/mlp_2025-01-30_14-21-11_state,,
"[784, 126, 126, 10]",116182,Adam,5000,0.004,1e-05,2,0,0.09930865,0.101219065,0.9572999477386475,0.9524999856948853,plots/mlp_loss_2025-01-30_14-22-47.png,plots/mlp_acc_2025-01-30_14-22-52.png,weights/mlp_2025-01-30_14-22-55_state,,
"[784, 126, 126, 10]",116182,Adam,5000,0.008,1e-05,2,0,0.09968044,0.09971176,0.9575999975204468,0.9554999470710754,plots/mlp_loss_2025-01-30_14-25-17.png,plots/mlp_acc_2025-01-30_14-25-20.png,weights/mlp_2025-01-30_14-25-21_state,,
"[784, 126, 126, 10]",116182,Adam,5000,0.002,1e-05,2,0,0.09915688,0.099680774,0.9601399898529053,0.9590999484062195,plots/mlp_loss_2025-01-30_14-27-06.png,plots/mlp_acc_2025-01-30_14-27-18.png,weights/mlp_2025-01-30_14-27-21_state,,
"[784, 126, 126, 10]",116182,Adam,5000,0.002,1e-06,2,0,0.050975528,0.069740586,0.9950999617576599,0.9793999791145325,plots/mlp_loss_2025-01-30_14-28-32.png,plots/mlp_acc_2025-01-30_14-28-35.png,weights/mlp_2025-01-30_14-28-40_state,,
"[784, 126, 126, 10]",116182,Adam,5000,0.002,1e-06,2,1,0.045670956,0.065737024,0.9960599541664124,0.9819999933242798,plots/mlp_loss_2025-01-30_14-48-22.png,plots/mlp_acc_2025-01-30_14-48-25.png,weights/mlp_2025-01-30_14-48-28_state,,
"[784, 40, 30, 20, 10]",33460,Adam,5000,0.002,1e-06,2,1,0.033145625,0.07446764,0.996999979019165,0.9684999585151672,plots/mlp_loss_2025-01-30_14-49-43.png,plots/mlp_acc_2025-01-30_14-49-48.png,weights/mlp_2025-01-30_14-49-50_state,,
"[784, 40, 30, 20, 10]",33460,Adam,5000,0.002,1e-06,1,0,0.027035005,0.07456167,0.9975599646568298,0.9667999744415283,plots/mlp_loss_2025-01-30_14-50-58.png,plots/mlp_acc_2025-01-30_14-51-10.png,weights/mlp_2025-01-30_14-51-11_state,,
"[784, 40, 30, 20, 10]",33460,Adam,5000,0.002,1e-06,5,1,0.047956925,0.07266904,0.9925999641418457,0.9695999622344971,plots/mlp_loss_2025-01-30_14-52-51.png,plots/mlp_acc_2025-01-30_14-52-53.png,weights/mlp_2025-01-30_14-52-55_state,,
"[784, 40, 30, 20, 10]",33460,Adam,5000,0.002,1e-05,5,1,0.11070981,0.1104282,0.937279999256134,0.9368999600410461,plots/mlp_loss_2025-01-30_14-54-04.png,plots/mlp_acc_2025-01-30_14-54-06.png,weights/mlp_2025-01-30_14-54-09_state,,
"[784, 40, 30, 20, 10]",33460,Adam,5000,0.001,1e-06,1,0,0.030249253,0.07414009,0.996999979019165,0.9685999751091003,plots/mlp_loss_2025-01-30_14-55-04.png,plots/mlp_acc_2025-01-30_14-55-10.png,weights/mlp_2025-01-30_14-55-13_state,,
"[784, 40, 30, 20, 10]",33460,Adam,5000,0.001,1e-06,2,1,0.035271425,0.07313293,0.9961599707603455,0.9686999917030334,plots/mlp_loss_2025-01-30_14-56-28.png,plots/mlp_acc_2025-01-30_14-56-30.png,weights/mlp_2025-01-30_14-56-32_state,,
"[784, 40, 30, 20, 10]",33460,Adam,5000,0.001,4e-06,2,1,0.060517404,0.07590252,0.9856999516487122,0.9684000015258789,plots/mlp_loss_2025-01-30_14-57-33.png,plots/mlp_acc_2025-01-30_14-57-35.png,weights/mlp_2025-01-30_14-57-37_state,,
"[784, 40, 40, 10]",33450,Adam,5000,0.001,4e-06,2,0,0.081470616,0.08603873,0.9759199619293213,0.9698999524116516,plots/mlp_loss_2025-01-30_14-59-12.png,plots/mlp_acc_2025-01-30_14-59-17.png,weights/mlp_2025-01-30_14-59-19_state,,
"[784, 40, 40, 10]",33450,Adam,10000,0.001,4e-06,1,0,0.06490227,0.075975716,0.9856399893760681,0.9749999642372131,plots/mlp_loss_2025-01-30_15-01-11.png,plots/mlp_acc_2025-01-30_15-01-16.png,weights/mlp_2025-01-30_15-01-19_state,,
"[784, 40, 40, 10]",33450,LBFGS,1000,0.001,4e-06,1,0,0.07167507,0.078647494,0.9825999736785889,0.9747999906539917,plots/mlp_loss_2025-01-30_15-02-53.png,plots/mlp_acc_2025-01-30_15-02-59.png,weights/mlp_2025-01-30_15-03-00_state,,
"[784, 40, 40, 10]",33450,LBFGS,1000,0.01,4e-06,1,0,0.06857003,0.075765826,0.984779953956604,0.9768999814987183,plots/mlp_loss_2025-01-30_15-05-00.png,plots/mlp_acc_2025-01-30_15-05-02.png,weights/mlp_2025-01-30_15-05-03_state,,
"[784, 40, 40, 10]",33450,LBFGS,1000,0.008,2e-06,1,0,0.053740833,0.07090918,0.991919994354248,0.977400004863739,plots/mlp_loss_2025-01-30_15-07-07.png,plots/mlp_acc_2025-01-30_15-07-11.png,weights/mlp_2025-01-30_15-07-13_state,,
"[784, 40, 40, 10]",33450,LBFGS,1000,0.001,2e-06,1,0,0.050349113,0.07036304,0.9928199648857117,0.9759999513626099,plots/mlp_loss_2025-01-30_15-11-14.png,plots/mlp_acc_2025-01-30_15-11-18.png,weights/mlp_2025-01-30_15-11-19_state,,
"[784, 40, 40, 10]",33450,LBFGS,1000,0.008,2e-06,1,0,0.051840816,0.06998037,0.992419958114624,0.975600004196167,plots/mlp_loss_2025-01-30_15-14-55.png,plots/mlp_acc_2025-01-30_15-15-03.png,weights/mlp_2025-01-30_15-15-05_state,,
"[784, 40, 40, 10]",33450,LBFGS,1000,0.0001,2e-06,1,0,0.05773553,0.073010996,0.9902999997138977,0.97489994764328,plots/mlp_loss_2025-01-30_15-19-12.png,plots/mlp_acc_2025-01-30_15-19-14.png,weights/mlp_2025-01-30_15-19-16_state,,
"[784, 40, 40, 10]",33450,Adam,1000,0.008,2e-06,1,0,0.044162516,0.067930385,0.9946399927139282,0.9750999808311462,plots/mlp_loss_2025-01-30_15-22-54.png,plots/mlp_acc_2025-01-30_15-23-03.png,weights/mlp_2025-01-30_15-23-13_state,,
"[784, 40, 40, 10]",33450,Adam,3000,0.001,2e-06,1,0,0.041804608,0.06975146,0.9951799511909485,0.9739999771118164,plots/mlp_loss_2025-01-30_15-28-03.png,plots/mlp_acc_2025-01-30_15-28-13.png,weights/mlp_2025-01-30_15-28-16_state,,
"[784, 40, 40, 10]",33450,LBFGS,1000,0.008,2e-06,1,0,0.04563721,0.06845638,0.9936599731445312,0.9750999808311462,plots/mlp_loss_2025-01-30_15-29-56.png,plots/mlp_acc_2025-01-30_15-30-00.png,weights/mlp_2025-01-30_15-30-03_state,,
"[784, 40, 40, 30, 10]",34580,LBFGS,1000,0.008,2e-06,1,0,0.030192912,0.07135494,0.9967599511146545,0.9692999720573425,plots/mlp_loss_2025-01-30_15-32-03.png,plots/mlp_acc_2025-01-30_15-32-07.png,weights/mlp_2025-01-30_15-32-12_state,,
"[784, 40, 40, 30, 10]",34580,Adam,3000,0.002,2e-06,2,0,0.03420984,0.071353026,0.9965199828147888,0.9702999591827393,plots/mlp_loss_2025-01-30_15-34-23.png,plots/mlp_acc_2025-01-30_15-34-28.png,weights/mlp_2025-01-30_15-34-29_state,,
"[784, 126, 126, 10]",116182,Adam,5000,0.002,1e-06,2,1,0.045998845,0.06607147,0.9960799813270569,0.9822999835014343,plots/mlp_loss_2025-01-30_15-39-00.png,plots/mlp_acc_2025-01-30_15-39-03.png,weights/mlp_2025-01-30_15-39-04_state,,
"[784, 40, 30, 20, 15, 10]",33725,Adam,5000,0.002,1e-06,2,1,0.02662686,0.07692157,0.9959399700164795,0.9632999897003174,plots/mlp_loss_2025-01-31_09-09-26.png,plots/mlp_acc_2025-01-31_09-09-34.png,weights/mlp_2025-01-31_09-09-36_state,,
"[784, 64, 32, 16, 10]",53018,Adam,5000,0.002,1e-06,2,1,0.028194973,0.07554055,0.9970199465751648,0.9645999670028687,plots/mlp_loss_2025-01-31_09-11-07.png,plots/mlp_acc_2025-01-31_09-11-11.png,weights/mlp_2025-01-31_09-11-13_state,,
"[784, 64, 32, 16, 10]",53018,Adam,5000,0.002,1e-06,2,1,0.041795358,0.07697095,0.9923399686813354,0.963699996471405,plots/mlp_loss_2025-01-31_09-14-18.png,plots/mlp_acc_2025-01-31_09-14-32.png,weights/mlp_2025-01-31_09-14-33_state,,
"[784, 64, 32, 16, 10]",53018,Adam,5000,0.0002,1e-06,2,1,0.0442203,0.07286356,0.9960999488830566,0.9734999537467957,plots/mlp_loss_2025-01-31_09-15-35.png,plots/mlp_acc_2025-01-31_09-15-40.png,weights/mlp_2025-01-31_09-15-43_state,,
"[784, 64, 32, 16, 10]",53018,Adam,5000,0.0009,1e-06,2,1,0.022151837,0.07144071,0.9982799887657166,0.9688999652862549,plots/mlp_loss_2025-01-31_09-16-51.png,plots/mlp_acc_2025-01-31_09-17-01.png,weights/mlp_2025-01-31_09-17-03_state,,
"[784, 64, 32, 16, 10]",53018,Adam,5000,0.0009,2e-06,2,1,0.029100318,0.073214285,0.9974199533462524,0.9680999517440796,plots/mlp_loss_2025-01-31_09-18-13.png,plots/mlp_acc_2025-01-31_09-18-26.png,weights/mlp_2025-01-31_09-18-28_state,,
"[784, 64, 32, 16, 10]",53018,Adam,5000,0.0002,2e-06,2,1,0.04895614,0.071942784,0.994979977607727,0.976099967956543,plots/mlp_loss_2025-01-31_09-19-53.png,plots/mlp_acc_2025-01-31_09-20-01.png,weights/mlp_2025-01-31_09-20-02_state,,
"[784, 64, 32, 16, 10]",53018,Adam,6000,0.0002,2e-06,2,1,0.043104768,0.069876716,0.9966599941253662,0.9759999513626099,plots/mlp_loss_2025-01-31_09-21-16.png,plots/mlp_acc_2025-01-31_09-21-19.png,weights/mlp_2025-01-31_09-21-21_state,,
"[784, 64, 32, 16, 10]",53018,Adam,7000,0.00015,2e-06,2,1,0.044199478,0.071071364,0.9961400032043457,0.975600004196167,plots/mlp_loss_2025-01-31_09-23-14.png,plots/mlp_acc_2025-01-31_09-28-07.png,weights/mlp_2025-01-31_09-28-08_state,,
"[784, 64, 32, 16, 10]",53018,Adam,10000,0.00015,2.3e-06,2,1,0.033779003,0.068408035,0.9979999661445618,0.9753999710083008,plots/mlp_loss_2025-01-31_09-30-06.png,plots/mlp_acc_2025-01-31_09-30-08.png,weights/mlp_2025-01-31_09-30-10_state,,
"[784, 64, 32, 16, 10]",53018,Adam,10000,0.0002,2.3e-06,2,1,0.030893765,0.06898728,0.998039960861206,0.9750999808311462,plots/mlp_loss_2025-01-31_09-32-40.png,plots/mlp_acc_2025-01-31_09-32-46.png,weights/mlp_2025-01-31_09-32-47_state,,
"[784, 64, 32, 16, 10]",53018,Adam,10000,0.0002,2.3e-06,2,1,0.042369626,0.0668365,0.9957399964332581,0.9735999703407288,plots/mlp_loss_2025-01-31_09-34-55.png,plots/mlp_acc_2025-01-31_09-34-59.png,weights/mlp_2025-01-31_09-34-59_state,,
"[784, 64, 32, 16, 10]",53018,Adam,10000,0.0002,2.3e-06,2,1,0.029820766,0.0683965,0.9984999895095825,0.974399983882904,plots/mlp_loss_2025-01-31_09-40-35.png,plots/mlp_acc_2025-01-31_09-40-38.png,weights/mlp_2025-01-31_09-40-39_state,,
"[784, 64, 64, 10]",55050,Adam,10000,0.0002,1e-06,2,1,0.029328069,0.069745064,0.9972800016403198,0.9750999808311462,plots/mlp_loss_2025-01-31_09-43-08.png,plots/mlp_acc_2025-01-31_09-43-13.png,weights/mlp_2025-01-31_09-43-15_state,,
"[784, 64, 64, 10]",55050,Adam,15000,0.0002,1e-06,2,2,0.02325181,0.071333714,0.9975599646568298,0.9729999899864197,plots/mlp_loss_2025-01-31_09-45-48.png,plots/mlp_acc_2025-01-31_09-45-56.png,weights/mlp_2025-01-31_09-45-59_state,,
"[784, 64, 64, 10]",55050,Adam,10000,0.0002,5e-06,2,2,0.053091895,0.07207102,0.9930799603462219,0.9758999943733215,plots/mlp_loss_2025-01-31_09-49-34.png,plots/mlp_acc_2025-01-31_09-49-41.png,weights/mlp_2025-01-31_09-49-42_state,,
"[784, 64, 64, 10]",55050,Adam,10000,0.0002,8e-06,2,2,0.06251231,0.07492734,0.9882400035858154,0.9764999747276306,plots/mlp_loss_2025-01-31_09-52-13.png,plots/mlp_acc_2025-01-31_09-52-32.png,weights/mlp_2025-01-31_09-52-33_state,,
"[784, 64, 64, 10]",55050,Adam,10000,0.0002,1e-05,2,2,0.0659258,0.077180475,0.985319972038269,0.972599983215332,plots/mlp_loss_2025-01-31_09-54-19.png,plots/mlp_acc_2025-01-31_09-54-25.png,weights/mlp_2025-01-31_09-54-26_state,,
"[784, 64, 64, 10]",55050,Adam,10000,0.0002,8e-06,4,0,0.073329374,0.08084736,0.9796399474143982,0.9715999960899353,plots/mlp_loss_2025-01-31_09-56-44.png,plots/mlp_acc_2025-01-31_09-56-47.png,weights/mlp_2025-01-31_09-56-48_state,,
"[784, 64, 64, 10]",55050,Adam,10000,0.0002,8e-06,0,4,0.020568743,0.08351491,0.9976399540901184,0.961899995803833,plots/mlp_loss_2025-01-31_09-58-33.png,plots/mlp_acc_2025-01-31_09-58-39.png,weights/mlp_2025-01-31_09-58-40_state,,
"[784, 64, 64, 10]",55050,Adam,10000,0.0002,8e-06,3,1,0.06822466,0.07834069,0.9835799932479858,0.973099946975708,plots/mlp_loss_2025-01-31_10-00-30.png,plots/mlp_acc_2025-01-31_10-00-37.png,weights/mlp_2025-01-31_10-00-38_state,,
"[784, 64, 64, 10]",55050,Adam,10000,0.0002,8e-06,1,1,0.049691427,0.07088003,0.9941999912261963,0.977400004863739,plots/mlp_loss_2025-01-31_10-35-15.png,plots/mlp_acc_2025-01-31_10-35-19.png,weights/mlp_2025-01-31_10-35-21_state,,
"[784, 64, 64, 10]",55050,Adam,10000,0.0002,8e-06,1,1,0.04994867,0.07117269,0.9941200017929077,0.9768999814987183,plots/mlp_loss_2025-01-31_10-38-35.png,plots/mlp_acc_2025-01-31_10-38-41.png,weights/mlp_2025-01-31_10-38-42_state,,
"[784, 64, 64, 10]",55050,Adam,10000,0.0002,8e-06,0,1,0.021034772,0.08488839,0.9978799819946289,0.9610999822616577,plots/mlp_loss_2025-01-31_10-43-13.png,plots/mlp_acc_2025-01-31_10-43-14.png,weights/mlp_2025-01-31_10-43-14_state,,
"[784, 64, 64, 10]",55050,Adam,10000,0.0002,8e-06,1,1,0.03574508,0.07039348,0.9971399903297424,0.973800003528595,plots/mlp_loss_2025-01-31_10-44-41.png,plots/mlp_acc_2025-01-31_10-44-41.png,weights/mlp_2025-01-31_10-44-41_state,,
"[784, 64, 64, 10]",55050,Adam,10000,0.0002,8e-06,2,1,0.04316181,0.0703551,0.9957000017166138,0.9756999611854553,plots/mlp_loss_2025-01-31_10-46-08.png,plots/mlp_acc_2025-01-31_10-46-08.png,weights/mlp_2025-01-31_10-46-08_state,,
"[784, 64, 64, 10]",55050,Adam,10000,0.0002,8e-06,3,1,0.049461845,0.07143999,0.9940999746322632,0.9763000011444092,plots/mlp_loss_2025-01-31_10-47-36.png,plots/mlp_acc_2025-01-31_10-47-36.png,weights/mlp_2025-01-31_10-47-36_state,,
"[784, 64, 64, 10]",55050,Adam,10000,0.0002,8e-06,4,1,0.054881316,0.07297276,0.9922599792480469,0.976699948310852,plots/mlp_loss_2025-01-31_10-49-03.png,plots/mlp_acc_2025-01-31_10-49-04.png,weights/mlp_2025-01-31_10-49-04_state,,
"[784, 64, 64, 10]",55050,Adam,10000,0.0002,8e-06,5,1,0.059551682,0.07501383,0.9903199672698975,0.975600004196167,plots/mlp_loss_2025-01-31_10-50-31.png,plots/mlp_acc_2025-01-31_10-50-31.png,weights/mlp_2025-01-31_10-50-31_state,,
"[784, 64, 64, 10]",55050,Adam,10000,0.0002,8e-06,6,1,0.063010454,0.07632726,0.9882199764251709,0.97489994764328,plots/mlp_loss_2025-01-31_10-51-59.png,plots/mlp_acc_2025-01-31_10-51-59.png,weights/mlp_2025-01-31_10-51-59_state,,
"[784, 64, 64, 10]",55050,Adam,10000,0.0002,8e-06,7,1,0.06685854,0.07756991,0.9859199523925781,0.9749999642372131,plots/mlp_loss_2025-01-31_10-53-27.png,plots/mlp_acc_2025-01-31_10-53-27.png,weights/mlp_2025-01-31_10-53-27_state,,
"[784, 64, 64, 10]",55050,Adam,10000,0.0002,8e-06,8,1,0.07031411,0.079197295,0.9836799502372742,0.9739999771118164,plots/mlp_loss_2025-01-31_10-54-54.png,plots/mlp_acc_2025-01-31_10-54-54.png,weights/mlp_2025-01-31_10-54-54_state,,
"[784, 64, 64, 10]",55050,Adam,10000,0.0002,8e-06,9,1,0.07236759,0.08043109,0.9823399782180786,0.9727999567985535,plots/mlp_loss_2025-01-31_10-56-21.png,plots/mlp_acc_2025-01-31_10-56-22.png,weights/mlp_2025-01-31_10-56-22_state,,
# this is where I started using cross-entropy loss instead of l1
"[784, 64, 64, 10]",55050,Adam,10000,0.0002,8e-06,3,1,0.0526732,0.31874883,1.0,0.9731999635696411,plots/mlp_loss_2025-01-31_11-04-25.png,plots/mlp_acc_2025-01-31_11-04-25.png,weights/mlp_2025-01-31_11-04-25_state,,
"[784, 64, 64, 10]",55050,Adam,10000,0.0002,8e-05,3,2,0.18918695,0.29872814,0.9924599528312683,0.9733999967575073,plots/mlp_loss_2025-01-31_11-06-51.png,plots/mlp_acc_2025-01-31_11-06-51.png,weights/mlp_2025-01-31_11-06-51_state,,
"[784, 64, 64, 10]",55050,Adam,10000,0.0008,0.0001,3,2,0.1773864,0.31711164,0.9936999678611755,0.9709999561309814,plots/mlp_loss_2025-01-31_11-10-23.png,plots/mlp_acc_2025-01-31_11-10-23.png,weights/mlp_2025-01-31_11-10-23_state,,
"[784, 64, 64, 10]",55050,Adam,10000,0.0002,0.0001,3,2,0.2163748,0.30116305,0.9893800020217896,0.9722999930381775,plots/mlp_loss_2025-01-31_11-13-07.png,plots/mlp_acc_2025-01-31_11-13-16.png,weights/mlp_2025-01-31_11-13-17_state,,
"[784, 64, 64, 10]",55050,LBFGS,1000,0.02,0.0001,3,2,0.34610203,0.35531327,0.9671799540519714,0.9652999639511108,plots/mlp_loss_2025-01-31_11-14-54.png,plots/mlp_acc_2025-01-31_11-14-59.png,weights/mlp_2025-01-31_11-15-00_state,,
"[784, 64, 64, 10]",55050,LBFGS,1000,0.002,0.0001,3,2,0.32552925,0.34051543,0.9714599847793579,0.9673999547958374,plots/mlp_loss_2025-01-31_11-16-06.png,plots/mlp_acc_2025-01-31_11-16-08.png,weights/mlp_2025-01-31_11-16-09_state,,
"[784, 64, 64, 10]",55050,LBFGS,1000,1,0.0001,3,2,0.20559728,0.28880396,0.9902799725532532,0.974399983882904,plots/mlp_loss_2025-01-31_11-17-41.png,plots/mlp_acc_2025-01-31_11-17-51.png,weights/mlp_2025-01-31_11-17-52_state,,
"[784, 64, 64, 10]",55050,Adam,10000,0.0002,0.0001,3,2,0.21622466,0.30112618,0.989039957523346,0.972599983215332,plots/mlp_loss_2025-01-31_11-20-43.png,plots/mlp_acc_2025-01-31_11-20-50.png,weights/mlp_2025-01-31_11-20-51_state,,
"[784, 64, 64, 10]",55050,Adam,10000,0.0002,0.0001,2,3,0.16936526,0.2986367,0.994659960269928,0.972000002861023,plots/mlp_loss_2025-01-31_11-25-07.png,plots/mlp_acc_2025-01-31_11-25-11.png,weights/mlp_2025-01-31_11-25-13_state,,
"[784, 64, 64, 10]",55050,Adam,15000,0.0002,0.0002,3,3,0.27439845,0.32648453,0.9797599911689758,0.9681999683380127,plots/mlp_loss_2025-01-31_11-27-55.png,plots/mlp_acc_2025-01-31_11-28-01.png,weights/mlp_2025-01-31_11-28-02_state,,
"[784, 64, 64, 10]",55050,Adam,30000,0.0002,0.0002,3,3,0.25219727,0.3269974,0.9834199547767639,0.9666000008583069,plots/mlp_loss_2025-01-31_11-34-15.png,plots/mlp_acc_2025-01-31_11-34-20.png,weights/mlp_2025-01-31_11-34-22_state,,
"[784, 64, 64, 10]",55050,Adam,10000,0.0002,0.0002,3,3,0.30127785,0.32358104,0.9766833186149597,0.9688999652862549,plots/mlp_loss_2025-01-31_14-20-18.png,plots/mlp_acc_2025-01-31_14-20-37.png,weights/mlp_2025-01-31_14-20-45_state,,
"[784, 64, 64, 16, 10]",55610,Adam,10000,0.0002,0.0002,1,1,0.13094838,0.30129334,0.9980999827384949,0.9739999771118164,plots/mlp_loss_2025-01-31_14-28-25.png,plots/mlp_acc_2025-01-31_14-28-32.png,weights/mlp_2025-01-31_14-28-35_state,,
"[784, 64, 64, 16, 10]",55610,Adam,5000,0.0002,9e-05,1,1,0.12337322,0.29778722,0.9985666871070862,0.9739999771118164,plots/mlp_loss_2025-01-31_14-32-39.png,plots/mlp_acc_2025-01-31_14-32-42.png,weights/mlp_2025-01-31_14-32-43_state,,
"[784, 64, 64, 16, 10]",55610,Adam,3000,0.00038307917653612126,0.003922612907886965,1,3,0.5686824,0.5713329,0.9065333604812622,0.9049999713897705,plots/mlp_loss_2025-01-31_15-00-51.png,plots/mlp_acc_2025-01-31_15-00-54.png,weights/mlp_2025-01-31_15-00-57_state,,
"[784, 64, 64, 16, 10]",55610,Adam,3000,0.00023335255895933602,2.6257295540386088e-05,2,5,0.5444097,0.5748245,0.9161999821662903,0.9101999998092651,plots/mlp_loss_2025-01-31_15-04-52.png,plots/mlp_acc_2025-01-31_15-05-04.png,weights/mlp_2025-01-31_15-05-08_state,,
"[784, 64, 64, 16, 10]",55610,Adam,3000,1.1081960326923127e-05,9.30883929617774e-06,3,4,0.53703076,0.5709294,0.9187000393867493,0.9128999710083008,plots/mlp_loss_2025-01-31_15-07-02.png,plots/mlp_acc_2025-01-31_15-07-14.png,weights/mlp_2025-01-31_15-07-17_state,,
"[784, 64, 64, 16, 10]",55610,Adam,3000,5.200831604600247e-05,3.644235914150709e-05,4,1,0.38181436,0.39295644,0.9598333239555359,0.9557999968528748,plots/mlp_loss_2025-01-31_15-15-14.png,plots/mlp_acc_2025-01-31_15-15-15.png,weights/mlp_2025-01-31_15-15-15_state,,
"[784, 64, 64, 16, 10]",55610,Adam,3000,8.037050416483758e-05,1.1913452694920462e-06,5,2,0.04377226,0.35487318,1.0,0.9729999899864197,plots/mlp_loss_2025-01-31_15-17-09.png,plots/mlp_acc_2025-01-31_15-17-09.png,weights/mlp_2025-01-31_15-17-09_state,,
"[784, 64, 64, 16, 10]",55610,Adam,3000,8.340600688263282e-05,0.00015591097725704592,4,5,0.31489387,0.33184448,0.9756333231925964,0.9691999554634094,plots/mlp_loss_2025-01-31_15-19-00.png,plots/mlp_acc_2025-01-31_15-19-01.png,weights/mlp_2025-01-31_15-19-01_state,,
"[784, 64, 64, 16, 10]",55610,Adam,3000,1.5913971844949725e-05,5.385169028610624e-06,1,1,0.11842664,0.28421396,0.9986833333969116,0.9751999974250793,plots/mlp_loss_2025-01-31_15-20-53.png,plots/mlp_acc_2025-01-31_15-20-53.png,weights/mlp_2025-01-31_15-20-53_state,,
"[784, 64, 64, 16, 10]",55610,Adam,3000,0.00018218551972970805,1.5506929178639019e-06,4,5,0.023512062,0.37056595,1.0,0.9738999605178833,plots/mlp_loss_2025-01-31_15-22-44.png,plots/mlp_acc_2025-01-31_15-22-44.png,weights/mlp_2025-01-31_15-22-44_state,,
"[784, 64, 64, 16, 10]",55610,Adam,3000,6.994912566938418e-05,2.178939962239548e-06,4,1,0.023446342,0.3775802,1.0,0.9735999703407288,plots/mlp_loss_2025-01-31_15-24-37.png,plots/mlp_acc_2025-01-31_15-24-37.png,weights/mlp_2025-01-31_15-24-37_state,,
"[784, 64, 64, 16, 10]",55610,Adam,3000,5.839776407618385e-05,0.0022297560722422485,3,5,0.4768635,0.47186956,0.9481666684150696,0.9477999806404114,plots/mlp_loss_2025-01-31_15-26-31.png,plots/mlp_acc_2025-01-31_15-26-31.png,weights/mlp_2025-01-31_15-26-31_state,,
"[784, 64, 64, 16, 10]",55610,Adam,3000,0.0005635698868992874,0.00018852490810771698,1,3,0.13069162,0.29468873,0.9981499910354614,0.9732999801635742,plots/mlp_loss_2025-01-31_15-28-24.png,plots/mlp_acc_2025-01-31_15-28-24.png,weights/mlp_2025-01-31_15-28-24_state,,
"[784, 64, 64, 16, 10]",55610,Adam,3000,0.0005922799018803431,0.00047746080866088947,4,4,0.35948378,0.36632815,0.9665833711624146,0.9635999798774719,plots/mlp_loss_2025-01-31_15-30-17.png,plots/mlp_acc_2025-01-31_15-30-17.png,weights/mlp_2025-01-31_15-30-17_state,,
"[784, 64, 64, 16, 10]",55610,Adam,3000,2.485329098042342e-05,5.0309649236703836e-05,5,5,0.51223713,0.507186,0.928933322429657,0.9327999949455261,plots/mlp_loss_2025-01-31_15-35-27.png,plots/mlp_acc_2025-01-31_15-35-27.png,weights/mlp_2025-01-31_15-35-27_state,,
"[784, 64, 64, 16, 10]",55610,Adam,3000,5.234668628778868e-05,2.1831779640918056e-05,3,4,0.35782394,0.37790057,0.9652166962623596,0.9595999717712402,plots/mlp_loss_2025-01-31_15-37-18.png,plots/mlp_acc_2025-01-31_15-37-18.png,weights/mlp_2025-01-31_15-37-18_state,,
"[784, 64, 64, 16, 10]",55610,Adam,3000,6.99570982352079e-05,2.266634721151549e-05,4,2,0.32276785,0.3523445,0.9721500277519226,0.9642999768257141,plots/mlp_loss_2025-01-31_15-39-09.png,plots/mlp_acc_2025-01-31_15-39-09.png,weights/mlp_2025-01-31_15-39-09_state,,
"[784, 64, 64, 16, 10]",55610,Adam,3000,0.00034679902829817463,7.141766241069407e-05,1,2,0.12066875,0.31221223,0.9988166689872742,0.9721999764442444,plots/mlp_loss_2025-01-31_15-41-01.png,plots/mlp_acc_2025-01-31_15-41-01.png,weights/mlp_2025-01-31_15-41-01_state,,
"[784, 64, 64, 16, 10]",55610,Adam,3000,0.0009402683473837012,9.812345179631409e-05,1,5,0.112210445,0.3068241,0.9991500377655029,0.9738999605178833,plots/mlp_loss_2025-01-31_15-45-02.png,plots/mlp_acc_2025-01-31_15-45-02.png,weights/mlp_2025-01-31_15-45-02_state,,
"[784, 64, 64, 16, 10]",55610,Adam,3000,0.00010261927661613985,1.8238571277640662e-05,1,1,0.22654076,0.32325977,0.9866499900817871,0.9678999781608582,plots/mlp_loss_2025-01-31_15-46-57.png,plots/mlp_acc_2025-01-31_15-46-57.png,weights/mlp_2025-01-31_15-46-57_state,,
"[784, 64, 64, 16, 10]",55610,Adam,3000,5.734160079292301e-05,4.448450244756808e-06,5,5,0.32996583,0.36460197,0.9698500037193298,0.9614999890327454,plots/mlp_loss_2025-01-31_15-48-52.png,plots/mlp_acc_2025-01-31_15-48-53.png,weights/mlp_2025-01-31_15-48-53_state,,
"[784, 64, 64, 16, 10]",55610,Adam,3000,1.549834795191824e-05,2.470963085416473e-05,2,3,0.58331907,0.577147,0.9126499891281128,0.9163999557495117,plots/mlp_loss_2025-01-31_15-50-46.png,plots/mlp_acc_2025-01-31_15-50-46.png,weights/mlp_2025-01-31_15-50-46_state,,
"[784, 64, 64, 16, 10]",55610,Adam,3000,0.0008418513203122363,0.0004160284682194104,4,2,0.43118885,0.43906695,0.9474000334739685,0.9441999793052673,plots/mlp_loss_2025-01-31_15-52-43.png,plots/mlp_acc_2025-01-31_15-52-43.png,weights/mlp_2025-01-31_15-52-43_state,,
"[784, 64, 64, 16, 10]",55610,Adam,3000,0.0006199947973949041,1.8304232991328508e-06,5,4,0.037218466,0.38024873,1.0,0.9717999696731567,plots/mlp_loss_2025-01-31_15-54-34.png,plots/mlp_acc_2025-01-31_15-54-34.png,weights/mlp_2025-01-31_15-54-35_state,,
"[784, 64, 64, 16, 10]",55610,Adam,3000,0.0007631237888980989,3.5767130024372803e-06,2,5,0.031697825,0.42054754,1.0,0.9688999652862549,plots/mlp_loss_2025-01-31_15-56-27.png,plots/mlp_acc_2025-01-31_15-56-27.png,weights/mlp_2025-01-31_15-56-28_state,,
"[784, 64, 64, 16, 10]",55610,Adam,3000,1.992064791822851e-05,1.6347533541063056e-06,4,2,0.52055895,0.5204233,0.9268500208854675,0.9294999837875366,plots/mlp_loss_2025-01-31_15-58-18.png,plots/mlp_acc_2025-01-31_15-58-18.png,weights/mlp_2025-01-31_15-58-18_state,,
"[784, 64, 64, 16, 10]",55610,Adam,3000,0.00027230375676114707,1.7637767565032247e-06,4,4,0.059236836,0.3724922,0.9999833703041077,0.9708999991416931,plots/mlp_loss_2025-01-31_16-00-07.png,plots/mlp_acc_2025-01-31_16-00-07.png,weights/mlp_2025-01-31_16-00-07_state,,
"[784, 64, 64, 16, 10]",55610,Adam,3000,0.00038351191290943555,1.3114193427357442e-06,3,5,0.03567063,0.4211068,1.0,0.9684000015258789,plots/mlp_loss_2025-01-31_16-01-57.png,plots/mlp_acc_2025-01-31_16-01-57.png,weights/mlp_2025-01-31_16-01-58_state,,
"[784, 64, 64, 16, 10]",55610,Adam,3000,0.000997898522397956,0.00032660513592982707,5,4,0.4279941,0.43973565,0.9481500387191772,0.9429999589920044,plots/mlp_loss_2025-01-31_16-05-37.png,plots/mlp_acc_2025-01-31_16-05-37.png,weights/mlp_2025-01-31_16-05-37_state,,
"[784, 64, 64, 16, 10]",55610,Adam,3000,0.0004639418826196752,5.7990473066541105e-05,3,3,0.17015927,0.29484642,0.994350016117096,0.9734999537467957,plots/mlp_loss_2025-01-31_16-09-16.png,plots/mlp_acc_2025-01-31_16-09-16.png,weights/mlp_2025-01-31_16-09-16_state,,
"[784, 64, 64, 16, 10]",55610,Adam,3000,0.0002074679998451728,8.341110417329803e-05,3,3,0.25972393,0.30581197,0.9826833605766296,0.9722999930381775,plots/mlp_loss_2025-01-31_16-11-05.png,plots/mlp_acc_2025-01-31_16-11-05.png,weights/mlp_2025-01-31_16-11-05_state,,
"[784, 64, 64, 16, 10]",55610,Adam,10000,1.549834795191824e-05,2.470963085416473e-05,2,3,0.28068724,0.33257502,0.9790666699409485,0.967799961566925,plots/mlp_loss_2025-01-31_16-20-06.png,plots/mlp_acc_2025-01-31_16-20-20.png,weights/mlp_2025-01-31_16-20-23_state,,
"[784, 64, 64, 16, 10]",55610,Adam,20000,1.549834795191824e-05,2.470963085416473e-05,2,3,0.10703902,0.30341628,0.9992833733558655,0.9751999974250793,plots/mlp_loss_2025-01-31_16-33-02.png,plots/mlp_acc_2025-01-31_16-33-11.png,weights/mlp_2025-01-31_16-33-16_state,,
"[784, 40, 40, 10]",33450,LBFGS,1000,0.008,2e-06,1,0,0.0126357265,0.47157982,1.0,0.9715999960899353,plots/mlp_loss_2025-02-01_20-12-35.png,plots/mlp_acc_2025-02-01_20-12-42.png,weights/mlp_2025-02-01_20-12-43_state,,
"[784, 40, 40, 10]",33450,LBFGS,1000,0.008,2e-06,1,0,0.012500564,0.451374,1.0,0.9736999869346619,plots/mlp_loss_2025-02-01_20-13-51.png,plots/mlp_acc_2025-02-01_20-13-54.png,weights/mlp_2025-02-01_20-13-55_state,,
"[784, 40, 40, 10]",33450,LBFGS,1000,0.008,2e-06,1,0,0.0117035145,0.46469355,1.0,0.9736999869346619,plots/mlp_loss_2025-02-01_20-15-50.png,plots/mlp_acc_2025-02-01_20-16-00.png,weights/mlp_2025-02-01_20-16-01_state,,
"[784, 40, 40, 10]",33450,LBFGS,1000,0.008,2e-06,1,0,0.011612381,0.48692113,1.0,0.9702000021934509,plots/mlp_loss_2025-02-01_20-17-29.png,plots/mlp_acc_2025-02-01_20-17-48.png,weights/mlp_2025-02-01_20-17-49_state,,
"[784, 40, 40, 10]",33450,LBFGS,1000,0.008,2e-06,1,0,0.012814161,0.46471226,1.0,0.9710999727249146,plots/mlp_loss_2025-02-01_20-19-04.png,plots/mlp_acc_2025-02-01_20-19-07.png,weights/mlp_2025-02-01_20-19-08_state,,
"[784, 40, 40, 10]",33450,LBFGS,1000,1,0.0001,3,2,0.27812812,0.33174476,0.978950023651123,0.9666000008583069,plots/mlp_loss_2025-02-01_20-21-16.png,plots/mlp_acc_2025-02-01_20-21-22.png,weights/mlp_2025-02-01_20-21-23_state,,
"[784, 40, 40, 10]",33450,LBFGS,1000,1,0.0001,3,2,0.27498835,0.33054447,0.9794000387191772,0.9666000008583069,plots/mlp_loss_2025-02-01_20-24-23.png,plots/mlp_acc_2025-02-01_20-24-28.png,weights/mlp_2025-02-01_20-24-29_state,,
"[784, 40, 40, 10]",33450,LBFGS,1000,5,0.0001,3,2,0.2561939,0.31785688,0.9819833636283875,0.9711999893188477,plots/mlp_loss_2025-02-01_20-26-23.png,plots/mlp_acc_2025-02-01_20-26-26.png,weights/mlp_2025-02-01_20-26-27_state,,
"[784, 40, 40, 10]",33450,LBFGS,1000,10,0.0001,3,2,0.24233513,0.30529368,0.9833833575248718,0.9713999629020691,plots/mlp_loss_2025-02-01_20-32-11.png,plots/mlp_acc_2025-02-01_20-32-16.png,weights/mlp_2025-02-01_20-32-17_state,,
"[784, 40, 40, 10]",33450,LBFGS,1000,10,0.0001,3,2,0.35237795,0.36119583,0.9675999879837036,0.9645999670028687,plots/mlp_loss_2025-02-01_20-34-03.png,plots/mlp_acc_2025-02-01_20-34-08.png,weights/mlp_2025-02-01_20-34-10_state,,
"[784, 40, 40, 10]",33450,Adam,1000,0.001,0.0001,3,2,0.32980722,0.35152078,0.9711000323295593,0.9644999504089355,plots/mlp_loss_2025-02-01_20-35-12.png,plots/mlp_acc_2025-02-01_20-35-14.png,weights/mlp_2025-02-01_20-35-16_state,,
"[784, 40, 40, 10]",33450,Adam,5000,0.001,0.0001,3,2,0.23323272,0.30574927,0.9866833686828613,0.9720999598503113,plots/mlp_loss_2025-02-01_20-36-17.png,plots/mlp_acc_2025-02-01_20-36-20.png,weights/mlp_2025-02-01_20-36-21_state,,
"[784, 40, 40, 10]",33450,Adam,5000,0.0004639418826196752,5.7990473066541105e-05,3,3,0.20141502,0.3008755,0.9905499815940857,0.9724999666213989,plots/mlp_loss_2025-02-01_20-38-14.png,plots/mlp_acc_2025-02-01_20-38-17.png,weights/mlp_2025-02-01_20-38-18_state,,
"[784, 40, 40, 10]",33450,Adam,5000,0.0004639418826196752,0.000579904730665411,3,3,0.4783111,0.47325143,0.9361000061035156,0.935699999332428,plots/mlp_loss_2025-02-01_20-39-23.png,plots/mlp_acc_2025-02-01_20-39-27.png,weights/mlp_2025-02-01_20-39-28_state,,
"[784, 40, 40, 10]",33450,Adam,10000,0.0004639418826196752,0.000579904730665411,3,3,0.45791286,0.4567831,0.942300021648407,0.9390999674797058,plots/mlp_loss_2025-02-01_20-41-37.png,plots/mlp_acc_2025-02-01_20-41-45.png,weights/mlp_2025-02-01_20-41-48_state,,
"[784, 40, 40, 10]",33450,Adam,15000,0.0005639418826196752,0.000579904730665411,3,3,0.44293904,0.4467637,0.9444500207901001,0.9425999522209167,plots/mlp_loss_2025-02-01_20-44-22.png,plots/mlp_acc_2025-02-01_20-44-29.png,weights/mlp_2025-02-01_20-44-30_state,,
"[784, 40, 40, 10]",33450,Adam,15000,0.0005639418826196752,0.00017990473066541106,3,3,0.27193597,0.32942113,0.9801999926567078,0.9684000015258789,plots/mlp_loss_2025-02-01_20-47-12.png,plots/mlp_acc_2025-02-01_20-47-15.png,weights/mlp_2025-02-01_20-47-19_state,,
"[784, 40, 40, 10]",33450,Adam,10000,0.0005639418826196752,0.000279904730665411,3,3,0.33113408,0.3645362,0.9696666598320007,0.9598999619483948,plots/mlp_loss_2025-02-01_20-49-05.png,plots/mlp_acc_2025-02-01_20-49-09.png,weights/mlp_2025-02-01_20-49-10_state,,
"[784, 40, 40, 10]",33450,Adam,10000,0.0005639418826196752,0.00022,3,3,0.29357687,0.33327428,0.9767667055130005,0.9678999781608582,plots/mlp_loss_2025-02-01_20-51-15.png,plots/mlp_acc_2025-02-01_20-51-19.png,weights/mlp_2025-02-01_20-51-21_state,,
"[784, 40, 40, 10]",33450,LBFGS,1000,0.008,2e-06,1,0,0.050704826,0.06917575,0.9911333322525024,0.97489994764328,plots/mlp_loss_2025-02-01_20-57-03.png,plots/mlp_acc_2025-02-01_20-57-08.png,weights/mlp_2025-02-01_20-57-10_state,,
"[784, 40, 40, 10]",33450,LBFGS,1000,0.008,2e-06,1,0,0.05580792,0.070878655,0.9907333254814148,0.9774999618530273,plots/mlp_loss_2025-02-01_20-58-29.png,plots/mlp_acc_2025-02-01_20-58-42.png,weights/mlp_2025-02-01_20-58-49_state,,
"[784, 40, 40, 10]",33450,LBFGS,1000,0.008,2e-06,1,0,0.060844693,0.07289928,0.9888166785240173,0.9775999784469604,plots/mlp_loss_2025-02-01_20-59-45.png,plots/mlp_acc_2025-02-01_20-59-48.png,weights/mlp_2025-02-01_20-59-51_state,,
"[784, 40, 40, 10]",33450,LBFGS,1000,0.008,2e-06,1,0,0.057125427,0.07259428,0.9894833564758301,0.9733999967575073,plots/mlp_loss_2025-02-01_21-01-12.png,plots/mlp_acc_2025-02-01_21-01-16.png,weights/mlp_2025-02-01_21-01-21_state,,
"[784, 40, 40, 10]",33450,LBFGS,1000,0.008,2e-06,1,0,0.05328438,0.07148986,0.9912833571434021,0.973800003528595,plots/mlp_loss_2025-02-01_21-02-32.png,plots/mlp_acc_2025-02-01_21-02-35.png,weights/mlp_2025-02-01_21-02-36_state,,
"[784, 40, 40, 10]",33450,LBFGS,200,0.008,2e-06,1,0,0.052719135,0.070440814,0.9908833503723145,0.9731999635696411,plots/mlp_loss_2025-02-01_21-03-20.png,plots/mlp_acc_2025-02-01_21-03-22.png,weights/mlp_2025-02-01_21-03-24_state,,
"[784, 40, 40, 10]",33450,LBFGS,200,0.008,2e-06,1,0,0.053402457,0.07217177,0.990933358669281,0.972599983215332,plots/mlp_loss_2025-02-01_21-04-08.png,plots/mlp_acc_2025-02-01_21-04-11.png,weights/mlp_2025-02-01_21-04-14_state,,
"[784, 40, 40, 10]",33450,LBFGS,200,0.008,2e-06,1,0,0.050345134,0.07019522,0.9914667010307312,0.974299967288971,plots/mlp_loss_2025-02-01_21-05-07.png,plots/mlp_acc_2025-02-01_21-05-11.png,weights/mlp_2025-02-01_21-05-17_state,,
"[784, 40, 40, 10]",33450,LBFGS,200,0.008,2e-06,1,0,0.05147809,0.07063414,0.9917500019073486,0.9740999937057495,plots/mlp_loss_2025-02-01_21-06-00.png,plots/mlp_acc_2025-02-01_21-06-03.png,weights/mlp_2025-02-01_21-06-05_state,,
"[784, 40, 40, 10]",33450,LBFGS,200,0.008,2e-06,1,0,0.05767741,0.07362535,0.9887666702270508,0.973099946975708,plots/mlp_loss_2025-02-01_21-07-05.png,plots/mlp_acc_2025-02-01_21-07-09.png,weights/mlp_2025-02-01_21-07-12_state,,
"[784, 40, 40, 10]",33450,LBFGS,1000,0.008,2e-06,1,0,0.050837453,0.06874079,0.9925500154495239,0.976099967956543,plots/mlp_loss_2025-02-01_21-08-50.png,plots/mlp_acc_2025-02-01_21-08-53.png,weights/mlp_2025-02-01_21-08-56_state,,
"[784, 40, 40, 10]",33450,LBFGS,1000,0.01,2e-06,1,0,0.057827488,0.072189465,0.9900833368301392,0.9772999882698059,plots/mlp_loss_2025-02-01_21-10-49.png,plots/mlp_acc_2025-02-01_21-10-51.png,weights/mlp_2025-02-01_21-10-52_state,,
"[784, 40, 40, 10]",33450,LBFGS,1000,0.008,2e-06,1,0,0.055392146,0.07161066,0.9905499815940857,0.9747999906539917,plots/mlp_loss_2025-02-01_21-12-24.png,plots/mlp_acc_2025-02-01_21-12-33.png,weights/mlp_2025-02-01_21-12-36_state,,
"[784, 40, 40, 10]",33450,LBFGS,1000,0.008,2e-06,1,0,0.058497608,0.0720689,0.9887666702270508,0.9753999710083008,plots/mlp_loss_2025-02-01_21-16-44.png,plots/mlp_acc_2025-02-01_21-16-47.png,weights/mlp_2025-02-01_21-16-48_state,,
"[784, 40, 40, 10]",33450,Adam,1000,0.008,2e-06,1,0,0.05501708,0.071297936,0.9906499981880188,0.9751999974250793,plots/mlp_loss_2025-02-01_21-16-57.png,plots/mlp_acc_2025-02-01_21-17-00.png,weights/mlp_2025-02-01_21-17-03_state,,
"[784, 40, 40, 10]",33450,Adam,1000,0.008,2e-06,1,0,0.09967384,0.1057604,0.963200032711029,0.9547999501228333,plots/mlp_loss_2025-02-01_21-19-50.png,plots/mlp_acc_2025-02-01_21-19-55.png,weights/mlp_2025-02-01_21-19-58_state,,
"[784, 40, 40, 10]",33450,Adam,2000,0.008,2e-06,1,0,0.08927963,0.095406495,0.9704000353813171,0.9629999995231628,plots/mlp_loss_2025-02-01_21-20-51.png,plots/mlp_acc_2025-02-01_21-21-03.png,weights/mlp_2025-02-01_21-21-05_state,,
"[784, 40, 40, 10]",33450,Adam,2000,0.0008,2e-06,1,0,0.08270526,0.09013067,0.9754999876022339,0.9664999842643738,plots/mlp_loss_2025-02-01_21-21-22.png,plots/mlp_acc_2025-02-01_21-21-37.png,weights/mlp_2025-02-01_21-21-38_state,,
"[784, 40, 40, 10]",33450,Adam,3000,0.008,2e-06,1,0,0.08273171,0.09016018,0.9749333262443542,0.9657999873161316,plots/mlp_loss_2025-02-01_21-22-40.png,plots/mlp_acc_2025-02-01_21-22-46.png,weights/mlp_2025-02-01_21-22-48_state,,
"[784, 40, 40, 10]",33450,Adam,6000,0.0008,2e-06,1,0,0.076059684,0.086167924,0.9806333184242249,0.9693999886512756,plots/mlp_loss_2025-02-01_21-23-41.png,plots/mlp_acc_2025-02-01_21-24-26.png,weights/mlp_2025-02-01_21-24-27_state,,
"[784, 40, 40, 10]",33450,Adam,3000,0.002,4e-06,1,0,0.075596936,0.08454278,0.977150022983551,0.9692999720573425,plots/mlp_loss_2025-02-01_21-26-45.png,plots/mlp_acc_2025-02-01_21-26-47.png,weights/mlp_2025-02-01_21-26-50_state,,
"[784, 40, 40, 10]",33450,Adam,6000,0.001,4e-06,1,0,0.06708871,0.078281865,0.9827666878700256,0.9687999486923218,plots/mlp_loss_2025-02-01_21-27-44.png,plots/mlp_acc_2025-02-01_21-27-46.png,weights/mlp_2025-02-01_21-27-48_state,,
"[784, 40, 40, 10]",33450,Adam,6000,0.002,4e-06,1,0,0.066554375,0.076473564,0.9822500348091125,0.971299946308136,plots/mlp_loss_2025-02-01_21-29-15.png,plots/mlp_acc_2025-02-01_21-29-17.png,weights/mlp_2025-02-01_21-29-19_state,,
"[784, 40, 40, 10]",33450,Adam,6000,0.001,4e-06,1,0,0.06305332,0.07645942,0.9844666719436646,0.9723999500274658,plots/mlp_loss_2025-02-01_21-30-12.png,plots/mlp_acc_2025-02-01_21-30-14.png,weights/mlp_2025-02-01_21-30-19_state,,
"[784, 40, 40, 10]",33450,Adam,10000,0.002,4e-06,1,0,0.0749162,0.0848103,0.9730333685874939,0.960599958896637,plots/mlp_loss_2025-02-01_21-34-09.png,plots/mlp_acc_2025-02-01_21-34-12.png,weights/mlp_2025-02-01_21-34-13_state,,
"[784, 40, 40, 10]",33450,Adam,10000,0.002,4e-06,1,0,0.029792275,0.63542175,1.0,0.9550999999046326,plots/mlp_loss_2025-02-01_21-36-31.png,plots/mlp_acc_2025-02-01_21-36-34.png,weights/mlp_2025-02-01_21-36-37_state,,
"[784, 40, 40, 10]",33450,Adam,10000,0.001,4e-05,1,0,0.09678985,0.5465229,0.9997333288192749,0.9533999562263489,plots/mlp_loss_2025-02-01_21-38-56.png,plots/mlp_acc_2025-02-01_21-38-57.png,weights/mlp_2025-02-01_21-38-58_state,,
"[784, 40, 40, 10]",33450,LBFGS,1000,0.008,2e-06,1,0,0.044230558,0.07999911,0.9929666519165039,0.9644999504089355,plots/mlp_loss_2025-02-11_20-37-03.png,plots/mlp_acc_2025-02-11_20-37-07.png,weights/mlp_2025-02-11_20-37-08_state,L2,LeakyReLU(negative_slope=0.01)
"[784, 40, 40, 10]",33450,LBFGS,10000,0.002,2e-06,1,0,0.044230558,0.07999911,0.9929666519165039,0.9644999504089355,plots/mlp_loss_2025-02-11_20-37-03.png,plots/mlp_acc_2025-02-11_20-37-07.png,weights/mlp_2025-02-11_20-37-08_state,L2,LeakyReLU(negative_slope=0.01)
"[784, 40, 40, 10]",33450,Adam,1000,0.008,2e-06,1,0,0.070553295,0.078556925,0.981249988079071,0.9706999659538269,plots/mlp_loss_2025-02-11_20-40-20.png,plots/mlp_acc_2025-02-11_20-40-23.png,weights/mlp_2025-02-11_20-40-24_state,L2,SiLU()
"[784, 40, 40, 10]",33450,Adam,1000,0.008,2e-06,1,0,0.07104515,0.079383574,0.9830166697502136,0.9735999703407288,plots/mlp_loss_2025-02-11_20-41-38.png,plots/mlp_acc_2025-02-11_20-41-44.png,weights/mlp_2025-02-11_20-41-48_state,L2,SiLU()
"[784, 40, 40, 10]",33450,Adam,1000,0.008,2e-06,1,0,0.07190847,0.09236491,0.9760833382606506,0.9501000046730042,plots/mlp_loss_2025-02-11_20-42-26.png,plots/mlp_acc_2025-02-11_20-42-28.png,weights/mlp_2025-02-11_20-42-29_state,L2,ReLU()
"[784, 40, 40, 10]",33450,LBFGS,1000,0.008,2e-06,1,0,0.040242884,0.076114,0.9939333200454712,0.9678999781608582,plots/mlp_loss_2025-02-11_20-44-31.png,plots/mlp_acc_2025-02-11_20-44-35.png,weights/mlp_2025-02-11_20-44-37_state,L2,LeakyReLU(negative_slope=0.01)
"[784, 40, 40, 10]",33450,LBFGS,1000,0.008,2e-06,1,0,0.055396672,0.070189156,0.9908166527748108,0.9782999753952026,plots/mlp_loss_2025-02-11_20-46-36.png,plots/mlp_acc_2025-02-11_20-46-45.png,weights/mlp_2025-02-11_20-46-53_state,L2,SiLU()
"[784, 40, 40, 10]",33450,Adam,1000,0.01,2e-06,1,0,0.082055435,0.0882928,0.9738333225250244,0.9638999700546265,plots/mlp_loss_2025-02-11_20-57-36.png,plots/mlp_acc_2025-02-11_20-57-39.png,weights/mlp_2025-02-11_20-57-40_state,L2,LeakyReLU(negative_slope=0.01)
"[784, 40, 40, 10]",33450,Adam,3000,0.05,2e-06,1,0,0.1068416,0.11189035,0.9531166553497314,0.9470999836921692,plots/mlp_loss_2025-02-11_20-58-45.png,plots/mlp_acc_2025-02-11_20-58-50.png,weights/mlp_2025-02-11_20-58-51_state,L2,LeakyReLU(negative_slope=0.01)
"[784, 40, 40, 10]",33450,Adam,3000,0.01,2e-06,1,0,0.075951055,0.0825132,0.9781000018119812,0.9700999855995178,plots/mlp_loss_2025-02-11_21-00-46.png,plots/mlp_acc_2025-02-11_21-00-49.png,weights/mlp_2025-02-11_21-00-50_state,L2,LeakyReLU(negative_slope=0.01)
"[784, 40, 40, 10]",33450,Adam,3000,0.01,2e-06,1,0,0.073203735,0.0803284,0.9805166721343994,0.9721999764442444,plots/mlp_loss_2025-02-11_21-02-29.png,plots/mlp_acc_2025-02-11_21-02-32.png,weights/mlp_2025-02-11_21-02-33_state,L2,ReLU()
"[784, 40, 40, 10]",33450,Adam,3000,0.01,0,1,0,0.074251495,0.08296627,0.9776666760444641,0.9668999910354614,plots/mlp_loss_2025-02-11_21-06-14.png,plots/mlp_acc_2025-02-11_21-06-18.png,weights/mlp_2025-02-11_21-06-19_state,L2,ReLU()
"[784, 40, 40, 10]",33450,Adam,3000,0.02,2e-06,1,0,0.07758029,0.084469296,0.9750166535377502,0.9674999713897705,plots/mlp_loss_2025-02-11_21-10-36.png,plots/mlp_acc_2025-02-11_21-10-41.png,weights/mlp_2025-02-11_21-10-43_state,L2,ReLU()
"[784, 40, 40, 10]",33450,Adam,3000,0.02,2e-06,1,0,0.07768065,0.086353526,0.9764500260353088,0.9649999737739563,plots/mlp_loss_2025-02-11_21-11-36.png,plots/mlp_acc_2025-02-11_21-11-39.png,weights/mlp_2025-02-11_21-11-40_state,L2,ReLU()
"[784, 40, 40, 10]",33450,Adam,3000,0.02,2e-06,1,0,0.07651138,0.08316955,0.9775166511535645,0.9688999652862549,plots/mlp_loss_2025-02-11_21-13-35.png,plots/mlp_acc_2025-02-11_21-13-37.png,weights/mlp_2025-02-11_21-13-38_state,L2,LeakyReLU(negative_slope=0.01)
"[784, 40, 40, 10]",33450,Adam,3000,0.02,2e-06,1,0,0.08791926,0.35700476,0.9997166991233826,0.9687999486923218,plots/mlp_loss_2025-02-11_21-28-22.png,plots/mlp_acc_2025-02-11_21-28-25.png,weights/mlp_2025-02-11_21-28-26_state,CrossEntropy,LeakyReLU(negative_slope=0.01)
